StdInChIKey,SMILES,LogS,T,Source
ABFDTYJJUSUWRB-UHFFFAOYSA-N,CN(C)C1=CC=C(C=C1)N=C=NC1=CC=C(C=C1)N(C)C,-0.400578187,21,Reaxys
ABRHLWPJYNIPHN-UHFFFAOYSA-N,O=C(NC1=CC=C(NC(=O)C2=CC=CC=C2)C=C1)C1=CC=CC=C1,-3.500180194,NA,Reaxys
ACGUYXCXAPNIKK-UHFFFAOYSA-N,OC1=C(CC2=C(O)C(Cl)=CC(Cl)=C2Cl)C(Cl)=C(Cl)C=C1Cl,0.394826213,20,Reaxys
AFHJQYHRLPMKHU-GIWDNFATSA-N,[H]C1(O[C@H](CO)[C@@H](O)[C@H](O)[C@H]1O)C1([H])C2=C(C(O)=CC=C2)C(=O)C2=C1C=C(CO)C=C2O,-1.221572041,18,Reaxys
AFPHTEQTJZKQAQ-UHFFFAOYSA-N,OC(=O)C1=CC=CC(=C1)N(=O)=O,0.444041636,20,Reaxys
AGUIVNYEYSCPNI-UHFFFAOYSA-N,CN(C1=C(C=C(C=C1N(=O)=O)N(=O)=O)N(=O)=O)N(=O)=O,0.243700949,18,Reaxys
AIONOLUJZLIMTK-AWEZNQCLSA-N,COC1=CC=C(C=C1O)[C@@H]1CC(=O)C2=C(O1)C=C(O)C=C2O,-0.468519224,25.04,Reaxys
AIVJRJRAYJHCCR-DPAQBDIFSA-N,[H][C@@](C)(CCCC(C)C)[C@@]1([H])CC[C@@]2([H])[C@]3([H])CC=C4C[C@H](CC[C@]4(C)[C@@]3([H])CC[C@]12C)OP([H])(O)=O,-2.827756863,20,Reaxys
AJVBPNRMKNARPG-UHFFFAOYSA-N,NC(=O)C1=CC(=CC=C1)S(N)(=O)=O,-0.921291877,25,Reaxys
ALYNCZNDIQEVRV-UHFFFAOYSA-N,NC1=CC=C(C=C1)C(O)=O,0.337495442,24,Reaxys
AMBQHHVBBHTQBF-UOUCRYGSSA-N,[H][C@]12C[C@H](O)[C@H](C)[C@@]1([H])[C@H](O[C@@H]1O[C@H](CO)[C@@H](O)[C@H](O)[C@H]1O)OC=C2C(=O)OC,-2.318227789,NA,Reaxys
ANGUXJDGJCHGOG-UHFFFAOYSA-N,CC1=NC2=CC=CC(N3CCN(CCC4=CC(=CC=C4)N4CCNC4=O)CC3)=C2C=C1,-2.016550754,20,Reaxys
AOZXETLGPZAZNK-UHFFFAOYSA-N,CCOC1=C(C=C(C=C1N(=O)=O)N(=O)=O)N(=O)=O,-1.436150825,15,Reaxys
APZGKGHAXUURNO-UHFFFAOYSA-N,CC12SC3(C)SC(C)(S1)SC(C)(S2)S3,-0.459237338,20,Reaxys
ASDLSKCKYGVMAI-UHFFFAOYSA-N,OC(=O)C1=CC=C2C(=O)C3=C(C=CC=C3)C(=O)C2=C1,-1.963880817,25,Reaxys
ASWVTGNCAZCNNR-UHFFFAOYSA-N,CC1=CC(C)=NC(NS(=O)(=O)C2=CC=C(N)C=C2)=N1,-3.605907144,24.99,Reaxys
AUHHYELHRWCWEZ-UHFFFAOYSA-N,ClC1=C(Cl)C(Cl)=C(Cl)C2=C1C(=O)OC2=O,-1.069979767,25,Reaxys
AVCSMMMOCOTIHF-UHFFFAOYSA-N,O=N(=O)C1=CC=CC2=CC=CC(=C12)N(=O)=O,-0.598639258,16,Reaxys
AVDDMQBDJTYCIR-UHFFFAOYSA-N,O=C(NC1=CC=C(NC(=O)C2=CN=CC=N2)C=C1)C1=CN=CC=N1,-3.505570497,NA,Reaxys
AVSXSVCZWQODGV-DPAQBDIFSA-N,[H][C@@](C)(CC\C=C(/C)C)[C@@]1([H])CC[C@@]2([H])[C@]3([H])CC=C4C[C@@H](O)CC[C@]4(C)[C@@]3([H])CC[C@]12C,-0.826522497,27.54,Reaxys
BBEAQIROQSPTKN-UHFFFAOYSA-N,C1=CC2=C3C(C=CC4=C3C(C=C2)=CC=C4)=C1,-0.420205667,20,Reaxys
BBUVDDPUURMFOX-SAABIXHNSA-N,C[C@H]1CC[C@@H](CC1)N1C2=NC(NC3=NC4=C(CN(CC4)C(=O)CO)C=C3)=NC=C2C2=C1C=NC=C2,-2.673538801,20,Reaxys
BDDYZHKLKHFEBJ-UHFFFAOYSA-N,O=C(OCOC(=O)C1=CC=CC=C1)C1=CC=CC=C1,-0.25853527,24,Reaxys
BEJNERDRQOWKJM-UHFFFAOYSA-N,OCC1=CC(=O)C(O)=CO1,-2.84400061,23,Reaxys
BEKZHETVNVFYCV-UHFFFAOYSA-N,O=N(=O)C1=CC2=C(C(=CC=C2)N(=O)=O)C(=C1)N(=O)=O,-1.021978059,15,Reaxys
BEQVQKJCLJBTKZ-UHFFFAOYSA-N,OP(=O)(C1=CC=CC=C1)C1=CC=CC=C1,-2.036797563,25.02,Reaxys
BGNQYGRXEXDAIQ-UHFFFAOYSA-N,CCOC(=O)C1=C(N(C)N=C1)S(=O)(=O)NC(=O)NC1=NC(OC)=CC(OC)=N1,-1.116359437,20,Reaxys
BGRJTUBHPOOWDU-UHFFFAOYSA-N,CCN1CCCC1CNC(=O)C1=C(OC)C=CC(=C1)S(N)(=O)=O,-1.547708045,25.09,Reaxys
BHXIVVULYOMXPF-UHFFFAOYSA-N,CCC(=O)N(C(=O)NC1=CC=C(C=C1)N(C)C)C1=CC=C(C=C1)N(C)C,-2.292959938,20,Reaxys
BKYWPNROPGQIFZ-UHFFFAOYSA-N,CC1=CC=C(C(O)=O)C(C)=C1,-0.085996242,20,Reaxys
BLSVCHHBHKGCSQ-UHFFFAOYSA-N,CC1=CC=CC=C1NC(N)=O,-1.55336281,23,Reaxys
BLUAFEHZUWYNDE-NNWCWBAJSA-N,[H][C@@]12CC[C@@H](C)[C@]3([H])CC[C@@]4(C)OO[C@@]13[C@]([H])(OC(=O)[C@@H]2C)O4,-0.940910623,24.99,Reaxys
BMEMSZNEGPFYMC-KNVOCYPGSA-N,C[C@H]1CC[C@H](CC1)C(N)=O,-0.902822505,18,Reaxys
BOCJQSFSGAZAPQ-UHFFFAOYSA-N,ClC1=CC=CC2=C1C(=O)C1=CC=CC=C1C2=O,-1.143884926,24.99,Reaxys
BOFXVYGDIRCHEQ-FPYZNPETSA-N,CO[C@H]1O[C@@H]([C@H](O)[C@H](O)[C@H]1O)C(O)=O,-1.540262719,20,Reaxys
BOJKULTULYSRAS-NXIQKPQYSA-N,[H][C@]12CCC(=C)[C@@H](C\C=C3/C(O)COC3=O)[C@]1(C)CC[C@@H](O)[C@@]2(C)CO,-1.886057124,25.04,Reaxys
BQJCRHHNABKAKU-KBQPJGBKSA-N,[H][C@@]12OC3=C(O)C=CC4=C3[C@@]11CCN(C)[C@H](C4)[C@]1([H])C=C[C@@H]2O,-2.348157253,15,Reaxys
BQSJTQLCZDPROO-UHFFFAOYSA-N,CC(C)COC1=C(C=C(C=C1)C1=NC(C)=C(S1)C(O)=O)C#N,-0.998411194,24.99,Reaxys
BRVGOAJFDSDGKU-UHFFFAOYSA-N,NC(=O)OCC1=CC(=NO1)C1=CC=C(OCC2=CC=CC=C2)C=C1,-1.116543475,20,Reaxys
BSYNRYMUTXBXSQ-UHFFFAOYSA-N,CC(=O)OC1=CC=CC=C1C(O)=O,0.075176197,24.74,Reaxys
BTPSLIHHXNBZBL-UHFFFAOYSA-N,O=C(NC1=CN=C(NC(=O)C2=CC=CC=C2)C=N1)C1=CC=CC=C1,-2.900824399,NA,Reaxys
BTTNOGHPGJANSW-IBGZPJMESA-N,CC(=O)NC[C@H]1CN(C(=O)O1)C1=CC=C(C(F)=C1)C1=CC=C(CNCC2=CN=NN2)C=C1,-2.64193097,20,Reaxys
BTTRMCQEPDPCPA-UHFFFAOYSA-N,ClC1=CC2=C(C=C1)C(=O)OC2=O,0.588575421,24.99,Reaxys
BUUKOGVOXWQHJF-UHFFFAOYSA-N,CCCCCCCCOC(=O)C1=C(C)OC2=CC3=C(OC(C)=C3C(=O)OCCCCCCCC)C=C12,-2.045757491,20,Reaxys
CAQHPYSDQFDJAL-UHFFFAOYSA-N,ON=C1C(=O)C=CC2=C1C=CC=C2,-0.244127212,26,Reaxys
CAYMSCGTKZIVTN-IQUTYRLHSA-N,[H][C@@]12COC(=O)[C@@]1([H])CC1=CC(OC)=C(O)C=C1[C@H]2C1=CC=C(O)C(OC)=C1,-0.949847239,20,Reaxys
CBPNZQROAXOWJC-RVDMUPIBSA-N,COC1=CC=C(C=C1)C(=O)C(\CC(O)=O)=C\C1=CC=CC=C1,0.042893053,NA,Reaxys
CBQJSKKFNMDLON-JTQLQIEISA-N,[H][C@@](CC1=CC=CC=C1)(NC(C)=O)C(O)=O,-0.69945019,25,Reaxys
CCORPVHYPHHRKB-NXUCFJMCSA-N,[H][C@@](C)(CCCC(C)C)[C@@]1([H])CC[C@@]2([H])[C@]3([H])CC=C4C[C@H](CC[C@]4(C)[C@@]3([H])CC[C@]12C)OC(=O)CC,-1.284407192,20,Reaxys
CFKGXXNWAGBBFU-UHFFFAOYSA-N,CCOC(=O)C1=C(C)OC2=CC3=C(OC(C)=C3C(=O)OCC)C=C12,-2.267606191,20,Reaxys
CIWBSHSKHKDKBQ-JLAZNSOCSA-N,[H][C@@]1(OC(=O)C(O)=C1O)[C@@H](O)CO,-2.364156497,24.84,Reaxys
CJTKTAPIDVKQNY-UHFFFAOYSA-N,COC1=C(OC(C)C)C=CC(=C1)C(=O)N1CCC2(CC1)N(C)CCN1C(=CC=C21)C(F)(F)F,0.031035392,NA,Reaxys
CKDZWMVGDHGMFR-GTPODGLVSA-N,[H][C@@](C)(CCCC(C)C)[C@@]1([H])CC[C@@]2([H])[C@]3([H])CC=C4C[C@H](CC[C@]4(C)[C@@]3([H])CC[C@]12C)OC(=O)CCC,-1.297953573,20,Reaxys
CMIBUZBMZCBCAT-HZPDHXFCSA-N,[H][C@](OC(=O)C1=CC=C(C)C=C1)(C(O)=O)[C@@]([H])(OC(=O)C1=CC=C(C)C=C1)C(O)=O,0.006849752,22,Reaxys
CMWTZPSULFXXJA-VIFPVBQESA-N,COC1=CC2=C(C=C1)C=C(C=C2)[C@H](C)C(O)=O,-1.42044563,25.29,Reaxys
COLNVLDHVKWLRT-UHFFFAOYSA-N,NC(CC1=CC=CC=C1)C(O)=O,-2.733689172,25,Reaxys
CPJSUEIXXCENMM-UHFFFAOYSA-N,CCOC1=CC=C(NC(C)=O)C=C1,-0.32994314,30,Reaxys
CQIUKKVOEOPUDV-IYSWYEEDSA-N,C[C@H]1OC=C2C(O)=C(C(O)=O)C(=O)C(C)=C2[C@@H]1C,-0.704648873,25,Reaxys
CSEWAUGPAQPMDC-UHFFFAOYSA-N,NC1=CC=C(CC(O)=O)C=C1,-1.316098643,25,Reaxys
CUCUKLJLRRAKFN-KKIBXBACSA-N,CC(=O)C1C(=O)C=C2OC3=C(C(C)=O)C(O)=C(C)C(O)=C3[C@]2(C)C1=O,-1.995985874,24.99,Reaxys
CUYKNJBYIJFRCU-UHFFFAOYSA-N,NC1=CC=CN=C1,0.861071993,24.99,Reaxys
CVHZOJJKTDOEJC-UHFFFAOYSA-N,O=C1NS(=O)(=O)C2=C1C=CC=C2,-0.188065238,25,Reaxys
CWRYPZZKDGJXCA-UHFFFAOYSA-N,C1CC2=C3C1=CC=CC3=CC=C2,-0.029200381,24.84,Reaxys
CZGCEKJOLUNIFY-UHFFFAOYSA-N,ClC1=CC=C(C=C1)N(=O)=O,0.802944895,17,Reaxys
DCDNKSJBRIJYEC-UHFFFAOYSA-N,CC1(CBr)C2CCC1(C)C(=O)C2Br,-0.713251069,NA,Reaxys
DCGRTRSBXMXCHW-AFNTYDFCSA-N,CC1(C)C[C@H]2C[C@@H]1CC2(C)CC1(Cl)C[C@H]2C[C@@H]1CC2(C)C,-0.971353173,NA,Reaxys
DHNCWGKMISNJQG-UHFFFAOYSA-N,CN(C(=O)C(=O)N(C)N(=O)=O)N(=O)=O,0.072121752,20,Reaxys
DMHADBQKVWXPPM-PDDCSNRZSA-N,CC(C)[C@@H]1CC\C(C)=C/CC\C(C)=C\C\C=C(C)/C=C/1,-2.134295072,NA,Reaxys
DMLAVOWQYNRWNQ-BUHFOSPRSA-N,C1=CC=C(C=C1)\N=N\C1=CC=CC=C1,0.2903599,25,Reaxys
DMSHKWHLXNDUST-UHFFFAOYSA-N,CC1=CC=C(NC(N)=O)C=C1,-0.751730463,23,Reaxys
DNVPQKQSNYMLRS-APGDWVJJSA-N,[H][C@](C)(\C=C\[C@@]([H])(C)[C@@]1([H])CC[C@@]2([H])C3=CC=C4C[C@@H](O)CC[C@]4(C)[C@@]3([H])CC[C@]12C)C(C)C,-2.004575462,22,Reaxys
DPJHZJGAGIWXTD-UHFFFAOYSA-N,CS(=O)(=O)C1=CC=C(F)C=C1,0.581404403,25.14,Reaxys
DPZSNGJNFHWQDC-ARJAWSKDSA-N,N\C(C#N)=C(/N)C#N,0.142253513,25,Reaxys
DYIIYHDGKUVKLC-KLOSEMCISA-N,CC1(C)C[C@H]2C[C@@H]1C\C2=C/C1(C)C[C@H]2C[C@@H]1CC2(C)C,-1.204876146,NA,Reaxys
DYIOSHGVFJTOAR-JGWLITMVSA-N,[H][C@@](O)(CO)[C@@]([H])(O)[C@]([H])(O)[C@@]([H])(O)CS,-3.297191289,20,Reaxys
FBFHQXIENYXRKB-UHFFFAOYSA-N,ClC1=NC(OC2=CC=C(C=C2)N=NC2=CC=CC=C2)=NC(Cl)=N1,-1.016460387,25,Reaxys
FBHSPRKOSMHSIF-GRMWVWQJSA-N,[H][C@@]12C[C@H]3OC(C)=N[C@@]3(C(=O)COC(C)=O)[C@@]1(C)C[C@H](O)[C@@]1([H])[C@@]2([H])CCC2=CC(=O)C=C[C@]12C,-1.011129134,29.99,Reaxys
FDAOZIJGWOTKQT-UHFFFAOYSA-N,O=N(=O)C1=CC=C2N=C3C(=CC=CC3=N(=O)C2=C1)N(=O)=O,-1.456674182,NA,Reaxys
FDTZUTSGGSRHQF-UHFFFAOYSA-N,OC1=CC=CC=C1C(=O)NC1=NC=C(S1)N(=O)=O,-2.843870159,25,Reaxys
FFGPTBGBLSHEPO-UHFFFAOYSA-N,NC(=O)N1C2=C(C=CC=C2)C=CC2=C1C=CC=C2,-1.170336471,25,Reaxys
FJKROLUGYXJWQN-UHFFFAOYSA-N,OC(=O)C1=CC=C(O)C=C1,0.215759855,23,Reaxys
FKJARBPQBIATJT-UHFFFAOYSA-N,C(N(C1=CC=CC=C1)C1=CC=CC=C1)C1=CC=CC=C1,-0.413887927,20,Reaxys
FMXDVBRYDYFVGS-UHFFFAOYSA-N,COC1=C(C=C(C=C1N(=O)=O)N(=O)=O)N(=O)=O,0.796849864,15,Reaxys
FPBODWXATDKICU-FLFWOSPYSA-N,[H][C@@](C)(CCCC(C)C)[C@@]1([H])CC[C@@]2([H])[C@]3([H])CC=C4C[C@H](CC[C@]4(C)[C@@]3([H])CC[C@]12C)OC(=O)CCCCC,-1.907416736,20,Reaxys
FQEPJUOLUDFINX-MYJWUSKBSA-N,[H][C@@](CC(C)=O)(C1C(=O)OC2=CC=CC=C2C1=O)C1=CC=CC=C1,-0.439803394,25,Reaxys
FRASJONUBLZVQX-UHFFFAOYSA-N,O=C1C=CC(=O)C2=C1C=CC=C2,-0.267898415,25.09,Reaxys
FRWPFWGOLVNOHP-UHFFFAOYSA-N,CC1=CC=C(C=C1C)C(C1=CC(C)=C(C)C=C1)C(Cl)(Cl)Cl,-0.071257149,NA,Reaxys
FTKDWGYLOVAMPG-UHFFFAOYSA-N,[H]C(C)(Cl)C(=O)NC1=CC=C(C)C=C1,0.153245609,26.88,Reaxys
FVWJYYTZTCVBKE-ROUWMTJPSA-N,[H][C@]12[C@@H](CC[C@]1(CO)CC[C@]1(C)[C@]2([H])CC[C@]2([H])[C@@]3(C)CC[C@H](O)C(C)(C)[C@]3([H])CC[C@@]12C)C(C)=C,-1.692333915,25.04,Reaxys
FWSMXVXIXPWASU-KACYJRNJSA-N,[H][C@@]12CC[C@H](OC(=O)CCCC)[C@@]1(C)CC[C@]1([H])C3=C(CC[C@@]21[H])C=C(OC(=O)C1=CC=CC=C1)C=C3,0.035633813,20,Reaxys
FXXDPMMUSACTPR-UHFFFAOYSA-N,CC(N(CCC(O)=O)C(=O)C1=CC=CC=C1)C(O)=O,-1.097448168,20,Reaxys
FYMCICGEGWOUKR-VAWYXSNFSA-N,NC(=O)\N=N\C1=CC=CC(=C1)C(N)=O,-1.485741766,15,Reaxys
FZERHIULMFGESH-UHFFFAOYSA-N,CC(=O)NC1=CC=CC=C1,0.359498417,25,Reaxys
GKWPCEFFIHSJOE-UHFFFAOYSA-N,CCN(C(=O)C1=C(O)C2=C(Cl)C=CC=C2N(C)C1=O)C1=CC=CC=C1,-1.863660145,20,Reaxys
GMYLVKUGJMYTFB-UHFFFAOYSA-N,CCN1C(=O)CNC2=C1N=C(C=N2)C1=CC=C(N=C1C)C1=NN=CN1,-2.864041347,NA,Reaxys
GMZVRMREEHBGGF-UHFFFAOYSA-N,NC(=O)CN1CCCC1=O,-1.371410923,24.84,Reaxys
GONDWPCTSYVHPW-UHFFFAOYSA-N,CCCCCCCCCC(=O)N(C(=O)NC1=CC=C(C=C1)N(C)C)C1=CC=C(C=C1)N(C)C,-2.283762019,20,Reaxys
GOUHYARYYWKXHS-UHFFFAOYSA-N,OC(=O)C1=CC=C(C=O)C=C1,-1.10551814,30,Reaxys
GPAPPPVRLPGFEQ-UHFFFAOYSA-N,ClC1=CC=C(C=C1)S(=O)(=O)C1=CC=C(Cl)C=C1,-0.485005165,20,Reaxys
GQLZJDIJIIFRPK-UHFFFAOYSA-N,NC1=C(NC2=CC=C(Cl)C=C2)C=C(Cl)C=C1,0.056047153,20,Reaxys
GRWAIJBHBCCLGS-UHFFFAOYSA-N,OC(=O)CN1C=NN=N1,0.190635412,25.08,Reaxys
GSTRJEXEASEEIB-WKEGUHRASA-N,CC1(C)[C@@H](CC[C@@]1(C)C(N)=O)C(O)=O,-0.501438686,20,Reaxys
GUEIZVNYDFNHJU-UHFFFAOYSA-N,OC1=CC=C(O)C2=C1C(=O)C1=CC=CC=C1C2=O,-1.84227779,25,Reaxys
GVKZASFESNAHJC-UHFFFAOYSA-N,COC(=O)C1=NNN(C)C1=O,-0.958964009,18,Reaxys
GXGKKIPUFAHZIZ-UHFFFAOYSA-N,C(SC1=NN=NN1)C1=CC=CC=C1,-0.455931956,NA,Reaxys
HCBHQDKBSKYGCK-UHFFFAOYSA-N,CC1=CC=CC(C)=C1C(O)=O,0.412228301,20,Reaxys
HCTVORVYPUEFSX-UHFFFAOYSA-N,CN(C)C1=CC2=C(NC3=C(C(=C(N(C)N(=O)=O)C(=C3)N(=O)=O)N(=O)=O)S2(=O)=O)C=C1,-2.641848751,20,Reaxys
HDMPHMIWIIZWCE-UHFFFAOYSA-N,NC1=C(NC2=CC=C(Cl)C=C2)C=CC(Cl)=C1,0.116482659,20,Reaxys
HEBKCHPVOIAQTA-SCDXWVJYSA-N,[H][C@](O)(CO)[C@@]([H])(O)[C@]([H])(O)CO,-2.489457297,24.99,Reaxys
HEFNNWSXXWATRW-UHFFFAOYSA-N,CC(C)CC1=CC=C(C=C1)C(C)C(O)=O,-2.052242072,24.71,Reaxys
HEWGVSGLMQJYHJ-UHFFFAOYSA-N,FC1=CC(=CC(F)=C1Br)N1C(=O)C=CC1=O,-2.869306476,25.19,Reaxys
HJHSNTOTXYILIV-UHFFFAOYSA-N,S1C(SC(SC1C1=CC=CC=C1)C1=CC=CC=C1)C1=CC=CC=C1,-1.627896947,25,Reaxys
HKEAFJYKMMKDOR-VPRICQMDSA-N,OC[C@H]1O[C@H]([C@H](O)[C@@H](O)[C@@H]1O)C1=C(O)C=CC2=C1OC=C(C2=O)C1=CC=C(O)C=C1,-1.552847631,25.05,Reaxys
HLXRWTJXGMHOFN-XJSNKYLASA-N,[H][C@@]12[C@@H](C)CC(=O)[C@]1([H])C(=CO[C@H]2O[C@@H]1O[C@H](CO)[C@@H](O)[C@H](O)[C@H]1O)C(=O)OC,-1.735336862,18,Reaxys
HMWPNDNFTFSCEB-UHFFFAOYSA-N,C1OOCN2COOCN1COOC2,-1.905036632,NA,Reaxys
HQLOEBRPCVIFCT-UHFFFAOYSA-N,OC(=O)C1=C(Br)C=CC=C1Br,0.643456062,20,Reaxys
HSXJIIOATUZQAZ-UHFFFAOYSA-N,O=C(OCC(COC(=O)C1=CC=C(C=C1)N(=O)=O)OC(=O)C1=CC=C(C=C1)N(=O)=O)C1=CC=CC=C1,-0.81694987,21,Reaxys
HUYYFHGIHVULSU-UHFFFAOYSA-N,NS(=O)(=O)C1=CC(=CC=C1)S(N)(=O)=O,-0.760630239,25,Reaxys
HWVAWHHNNDOXDU-PTHRTHQKSA-N,[H][C@@](C)(CCCC(C)C)[C@@]1([H])CC[C@@]2([H])[C@]3([H])CC=C4C[C@H](CC[C@]4(C)[C@@]3([H])CC[C@]12C)OC(=O)CC(C)C,-1.672818005,20,Reaxys
HXEWMTXDBOQQKO-UHFFFAOYSA-N,ClC1=CC=C2C(Cl)=CC=NC2=C1,-0.097865989,26.04,Reaxys
HXHWSAZORRCQMX-UHFFFAOYSA-N,CCCSC1=CC=C2NC(NC(=O)OC)=NC2=C1,-2.504718085,25,Reaxys
HXIGUHNNGMNPTO-UHFFFAOYSA-N,CCCCCCCC(O)CC(=O)N(C(=O)NC1=CC=C(C=C1)N(C)C)C1=CC=C(C=C1)N(C)C,-1.163185841,20,Reaxys
HYXITZLLTYIPOF-UHFFFAOYSA-N,CC1=COC2=C1C(=O)C(=O)C1=C3CCCC(C)(C)C3=CC=C21,-1.916855674,20.14,Reaxys
HZKJLTIPRKRDQX-CCEZHUSRSA-N,CCCCCCCCC\C=C\C(=O)N(C(=O)NC1=CC=C(C=C1)N(C)C)C1=CC=C(C=C1)N(C)C,-0.929049367,20,Reaxys
HZRSNVGNWUDEFX-UHFFFAOYSA-N,CON(C(=O)OC)C1=C(COC2=NN(C=C2)C2=CC=C(Cl)C=C2)C=CC=C1,0.110336443,20,Reaxys
IAHOUQOWMXVMEH-UHFFFAOYSA-N,NC1=C(C=C(C=C1N(=O)=O)N(=O)=O)N(=O)=O,-0.782235366,19.5,Reaxys
IAIWVQXQOWNYOU-FPYGCLRLSA-N,NC(=O)N\N=C\C1=CC=C(O1)N(=O)=O,-1.91405064,NA,Reaxys
IAJJZOUCJCCJTG-UHFFFAOYSA-N,C1OC(OC1C1OC(OC1C1COC(O1)C1=CC=CC=C1)C1=CC=CC=C1)C1=CC=CC=C1,-2.172700209,17,Reaxys
IAOCRFBMFNOPFQ-UHFFFAOYSA-N,OOC1(C2=CC=CC=C2)C2=CC=CC=C2C(OO)(C2=CC=CC=C2)C2=C1C=CC=C2,-2.054111614,17,Reaxys
IBSNKSODLGJUMQ-SDNWHVSQSA-N,CO\C=C(\C(=O)OC)C1=C(COC2=NC(=CC=C2)C(F)(F)F)C=CC=C1,-0.167110479,20,Reaxys
ICSNLGPSRYBMBD-UHFFFAOYSA-N,NC1=NC=CC=C1,0.853080619,24.99,Reaxys
IDYZIJYBMGIQMJ-UHFFFAOYSA-N,CCN1C=C(C(O)=O)C(=O)C2=C1N=C(N1CCNCC1)C(F)=C2,-2.028466869,25,Reaxys
IEDVJHCEMCRBQM-UHFFFAOYSA-N,COC1=CC(CC2=C(N)N=C(N)N=C2)=CC(OC)=C1OC,-1.920111701,24.8,Reaxys
IFLREYGFSNHWGE-UHFFFAOYSA-N,C1=CC2=CC3=CC4=CC=CC=C4C=C3C=C2C=C1,-2.167497354,20,Reaxys
IHPPHZLFDYXMCE-IIWURLRVSA-N,CC[C@H]1C2=C(CC[C@@]1(C)C(=O)O[C@@H]1C[C@H](C)CC[C@H]1C(C)C)C1=C(C=C2)C=C(OC)C=C1,-1.623085206,20,Reaxys
IHYJTAOFMMMOPX-LURJTMIESA-N,[H][C@](NC(C)=O)(C(C)C)C(O)=O,-0.463121583,25,Reaxys
IIACRCGMVDHOTQ-UHFFFAOYSA-N,NS(O)(=O)=O,-1.490265876,NA,Reaxys
IJFXRHURBJZNAO-UHFFFAOYSA-N,OC(=O)C1=CC=CC(O)=C1,0.274707345,23,Reaxys
IKCLCGXPQILATA-UHFFFAOYSA-N,OC(=O)C1=CC=CC=C1Cl,0.258612562,15,Reaxys
IMNIMPAHZVJRPE-UHFFFAOYSA-N,C1CN2CCN1CC2,-0.041083069,25,Reaxys
IMOPXBPHKARACH-UHFFFAOYSA-N,CCOCN1C(=O)C2=C(C=CC=C2)C1=O,-2.914264861,25,Reaxys
INNYTHHRUGCEEV-UNTZMWQOSA-N,CCCC12SC3S[C@](CCC)(S[C@](CCC)(S3)S1)S2,-1.723940947,NA,Reaxys
IOYHCQBYQJQBSK-UHFFFAOYSA-N,OC1=CC(O)=C2C(=O)C(=COC2=C1)C1=CC(O)=C(O)C=C1,-0.792311105,18,Reaxys
IPCSVZSSVZVIGE-UHFFFAOYSA-N,CCCCCCCCCCCCCCCC(O)=O,-0.56827648,24.09,Reaxys
IQPNAANSBPBGFQ-UHFFFAOYSA-N,OC1=CC(O)=C2C(=O)C=C(OC2=C1)C1=CC(O)=C(O)C=C1,-1.676181877,25,Reaxys
ISXYVHLPQGBMLC-VOTSOKGWSA-N,C\C=C\C(=O)N(C(=O)NC1=CC=C(C=C1)N(C)C)C1=CC=C(C=C1)N(C)C,-1.660560304,20,Reaxys
ITWUGZSJDMBOPH-UHFFFAOYSA-N,CC1=CC=C2NC3=C(CCCC3=O)C2=C1,-0.981287159,18.3,Reaxys
IVDVAMTYPIOUEQ-UHFFFAOYSA-N,CC1(C)C2CCC1(C)C(=O)C2C(=O)C1=CC=CC=C1,-0.228397885,17,Reaxys
IVPCDWBBGQCALV-FYWRMAATSA-N,O=C1O\C(=N\C2=C(C=CC=C2)N(=O)=O)C2=CC=CC=C12,-0.616930725,20,Reaxys
IVXFOQQPPONQTB-UHFFFAOYSA-N,CC(=O)OC1=CC=C(C=C1)C1=CC(=O)C2=C(OC(C)=O)C=C(OC(C)=O)C=C2O1,-1.899112145,25,Reaxys
IYGIFHMTRPKJNP-UHFFFAOYSA-N,C1OC(OC1C1COC(O1)C1=CC=CC=C1)C1=CC=CC=C1,-1.943231113,17,Reaxys
IZZVKENIUWWBHF-BUHFOSPRSA-N,CCCCCCCC\C=C\C(=O)N(C(=O)NC1=CC=C(C=C1)N(C)C)C1=CC=C(C=C1)N(C)C,-1.613894727,20,Reaxys
JAKVEOCMEMGHGB-YFKPBYRVSA-N,[H][C@](N)(CSCC#C)C(O)=O,-3.088024262,25,Reaxys
JCRIDWXIBSEOEG-UHFFFAOYSA-N,OC1=C(C=CC=C1N(=O)=O)N(=O)=O,0.839847846,14,Reaxys
JDMCEGLQFSOMQH-UHFFFAOYSA-N,CCCCC(NC(C)=O)C(O)=O,0.130637881,25,Reaxys
JDSHMPZPIAZGSV-UHFFFAOYSA-N,NC1=NC(N)=NC(N)=N1,-2.619789332,30,Reaxys
JDTWZSUNGHMMJM-CAHLUQPWSA-N,[H][C@](C)(CC)[C@@]([H])(NC(C)=O)C(O)=O,-0.467725965,25,Reaxys
JEZQCHJJLYRNOZ-UHFFFAOYSA-N,OC(=O)C1=CC=CC(Cl)=C1C(=O)C1=CC=CC=C1,-1.420291159,24.99,Reaxys
JGMBHJNMQVKDMW-UHFFFAOYSA-N,ClC1=C(Cl)C=C(C=C1)C1CCC(=O)C2=CC=CC=C12,-0.362530939,25.12,Reaxys
JGRXMPYUTJLTKT-UHFFFAOYSA-N,OC(=O)CNC(=O)C1=C(O)C=C(C=N1)C1=CC(Cl)=CC=C1,-0.486720856,22,Reaxys
JKCQOMAQPUYHPL-UHFFFAOYSA-N,C1COCCOC2=C(OCCOCCOC3=C(OCCO1)C=CC=C3)C=CC=C2,-1.052568169,25,Reaxys
JLYXXMFPNIAWKQ-CDRYSYESSA-N,Cl[C@H]1[C@H](Cl)[C@@H](Cl)[C@H](Cl)[C@@H](Cl)[C@@H]1Cl,-0.671145442,20,Reaxys
JTEGQNOMFQHVDC-NKWVEPMBSA-N,NC1=NC(=O)N(C=C1)[C@@H]1CS[C@H](CO)O1,-2.387200434,25,Reaxys
JUFLTGRGLUCRCU-UHFFFAOYSA-N,N=C(C#N)C(=N)C#N,0.296557126,25,Reaxys
JUVIOZPCNVVQFO-HBGVWJBISA-N,[H][C@@]12COC3=C(C=C(OC)C(OC)=C3)[C@]1([H])C(=O)C1=C(O2)C2=C(O[C@H](C2)C(C)=C)C=C1,-0.757114242,20,Reaxys
JZFDKGFWNSQAHU-UHFFFAOYSA-N,CCC1=CC=C(C=C1)C(=O)C1=C(C=CC=C1)C(O)=O,-1.136912716,26.67,Reaxys
JZODKRWQWUWGCD-UHFFFAOYSA-N,CC(C)(C)C1=CC(O)=C(C=C1O)C(C)(C)C,-0.065985952,24.89,Reaxys
KCSGAVOYBPPIRL-UHFFFAOYSA-N,CCCCCC(=O)N(C(=O)NC1=CC=C(C=C1)N(C)C)C1=CC=C(C=C1)N(C)C,-1.789595827,20,Reaxys
KDCVCMJTEQZMEL-UHFFFAOYSA-N,CN1CCN(CC2=CC(C)=CC=C2)CC(C1)NC(=O)C1=NNC2=C1C=CC=C2,-1.00229436,30,Reaxys
KDYFGRWQOYBRFD-UHFFFAOYSA-N,OC(=O)CCC(O)=O,-0.48562214,20,Reaxys
KFIRODWJCYBBHY-UHFFFAOYSA-N,OC(=O)C1=C(C(O)=O)C(=CC=C1)N(=O)=O,-0.08819764,25.08,Reaxys
KGCNHWXDPDPSBV-UHFFFAOYSA-N,ClCC1=CC=C(C=C1)N(=O)=O,0.763514653,30,Reaxys
KIGQVWWOESIMBG-UHFFFAOYSA-N,OC(=O)CN(CCC#N)CCC#N,0.273335105,26,Reaxys
KJFMBFZCATUALV-UHFFFAOYSA-N,OC1=CC=C(C=C1)C1(OC(=O)C2=CC=CC=C12)C1=CC=C(O)C=C1,-0.081272278,NA,Reaxys
KKJPFYIKWNKDSH-WZIZPHDVSA-N,[H][C@@]12CC[C@@](C)([C@@H](O)[C@H]1NC(=O)[C@@H](O)C(C)(C)CO)C2(C)C,-0.415569911,20,Reaxys
KKWXXQXQVFLMOP-LSLJNABFSA-N,C[C@H]1OC(=O)C(C1=O)C(C)(C)C1=C(CC(C)=O)[C@@H](C)OC1=O,-0.635148702,20,Reaxys
KMPWYEUPVWOPIM-QAMTZSDWSA-N,[H][C@](O)(C1=CC=NC2=C1C=CC=C2)[C@@]1([H])C[C@@H]2CC[N@]1C[C@@H]2C=C,-2.614625863,25,Reaxys
KMRIWYPVRWEWRG-UHFFFAOYSA-N,OC1=CC(=C(O)C=C1)P1(=O)OC2=C(C=CC=C2)C2=C1C=CC=C2,-1.609235088,23.99,Reaxys
KOOOGBROHMNAPU-UHFFFAOYSA-N,O=C(N=N#N)C1=C(C=CC=C1)N(=O)=O,0.424178789,20,Reaxys
KOZNAHJIJGCFJJ-UHFFFAOYSA-N,OC1C(=O)N(CCCCN2CCN(CC2)C2=NC=CC=N2)C(=O)CC11CCCC1,-1.261272604,NA,Reaxys
KPDYGMJTDBCCLN-UHFFFAOYSA-N,OC(=O)C1=CC=CC2=C1C1=C(C(=O)C3=CC=CC=C3C1=O)C1=CC=CC=C21,-1.90867981,NA,Reaxys
KPZYYKDXZKFBQU-UHFFFAOYSA-N,NC(=O)C1=CC=CC2=NC3=CC=CC=C3N=C12,-2.277799425,15,Reaxys
KQTZMXWZIFCPHF-UHFFFAOYSA-N,COC(=O)CN1C(CC2=CC=CC=C2)C(=O)N(C1=O)C1=CC=CC=C1,-0.073451345,20,Reaxys
KRHAFJJBYFYLAB-XWJSGITJSA-N,CCC12SC3S[C@](CC)(S[C@](CC)(S3)S1)S2,-1.437529925,NA,Reaxys
KRKNYBCHXYNGOX-UHFFFAOYSA-N,OC(=O)CC(O)(CC(O)=O)C(O)=O,0.045776626,23.99,Reaxys
KTALPKYXQZGAEG-UHFFFAOYSA-N,CC(C)C1=CC2=C(SC3=CC=CC=C3C2=O)C=C1,0.231856107,25.99,Reaxys
KUAZQDVKQLNFPE-UHFFFAOYSA-N,CN(C)C(=S)SSC(=S)N(C)C,-0.493387613,30,Reaxys
KUOQWUNJMMXMGI-UHFFFAOYSA-N,CCCCCCCCCCCC(=O)N(C(=O)NC1=CC=C(C=C1)N(C)C)C1=CC=C(C=C1)N(C)C,-1.745606359,20,Reaxys
KWTWDQCKEHXFFR-SMDDNHRTSA-N,CC[C@H]([C@@H](C)CN(C)C)C1=CC(O)=CC=C1,0.176072292,NA,Reaxys
KZNIFHPLKGYRTM-UHFFFAOYSA-N,OC1=CC=C(C=C1)C1=CC(=O)C2=C(O)C=C(O)C=C2O1,-2.261489524,25,Reaxys
KZTJCLJWIVFCLV-UHFFFAOYSA-N,CC(N(CCC(O)=O)C(C)=O)C(O)=O,-0.759830847,25,Reaxys
LGGDXXJAGWBUSL-BKRJIHRRSA-N,[H][C@@]12OC3=C4C(C[C@H]5N(C)CC[C@@]14[C@@]5([H])CC[C@@H]2OC(C)=O)=CC=C3OC,-0.294172235,20,Reaxys
LGRFSURHDFAFJT-UHFFFAOYSA-N,O=C1OC(=O)C2=CC=CC=C12,0.247301268,24.99,Reaxys
LGVLGQRLNSNPQT-UHFFFAOYSA-N,O=C(NC1=CC=C(NC(=O)C2=CC=CC=C2)C2=C1C1C3=C(C=CC=C3)C2C2=C1C=CC=C2)C1=CC=CC=C1,-1.993504125,NA,Reaxys
LHNVKVKZPHUYQO-SRWWVFQWSA-N,[H][C@@]12C[C@@]3([H])[C@]4([H])CCC5=CC(=O)CC[C@]5(C)[C@@]4([H])CC[C@]3(C)[C@@]1(O2)C(C)=O,-0.731952364,25.8,Reaxys
LIKSPRLIPHRBCL-UHFFFAOYSA-N,CCCCCCCCCCCCCC(=O)CCCCCCCCC(O)=O,-2.265526513,15,Reaxys
LILPOSVDSDEBCD-UHFFFAOYSA-N,N#CSCCSC#N,-0.04508515,16,Reaxys
LKEGCXYQDMPMDD-UHFFFAOYSA-N,NC1=C(NC2=CC=CC=C2)C=CC(Cl)=C1,0.327631972,20,Reaxys
LLIQJKREYJVRFV-UHFFFAOYSA-N,CC(N(CCC#N)CCC#N)C(O)=O,0.494803302,26,Reaxys
LLOXZCFOAUCDAE-UHFFFAOYSA-N,OC1=CC=C(O)C(=C1)P(=O)(C1=CC=CC=C1)C1=CC=CC=C1,-1.626268427,26.29,Reaxys
LMVPQMGRYSRMIW-KRWDZBQOSA-N,CSC1=N[C@](C)(C(=O)N1NC1=CC=CC=C1)C1=CC=CC=C1,-0.095388362,20,Reaxys
LOUPRKONTZGTKE-LHHVKLHASA-N,[H][C@@]1(C[C@@H]2CC[N@]1C[C@@H]2C=C)[C@@H](O)C1=CC=NC2=CC=C(OC)C=C12,-1.232358035,21.85,Reaxys
LPTITAGPBXDDGR-IBEHDNSVSA-N,CC(=O)OC[C@H]1O[C@@H](OC(C)=O)[C@H](OC(C)=O)[C@@H](OC(C)=O)[C@@H]1OC(C)=O,-0.022027947,25,Reaxys
LRUIWCGKRGPZSC-UHFFFAOYSA-N,NC1=C(NC2=CC(Cl)=CC=C2)C=CC(Cl)=C1,-0.136173606,20,Reaxys
LTHCSWBWNVGEFE-UHFFFAOYSA-N,CCCCCCCC(N)=O,-0.3690667,30,Reaxys
LWPQIJQNKMXHIU-UHFFFAOYSA-N,OC1=C2C=CC=CC2=C(O)C(=C1)P1(=O)OC2=CC=CC=C2C2=CC=CC=C12,-1.900236048,20,Reaxys
LYHDDQSUMYQBNO-UHFFFAOYSA-N,CN1C2C(N(C)C1=O)N(C)S(=O)(=O)N2C,-1.906661981,19,Reaxys
MBUKWVQKGHOBTG-UHFFFAOYSA-N,O=C(N=N#N)C1=CC(=CC=C1)N(=O)=O,0.129779372,20,Reaxys
MCLWZZQNZUTOLS-UHFFFAOYSA-N,O=C(NC1=NC=CN=C1)C1=CC=C(C=C1)C(=O)NC1=NC=CN=C1,-3.505570497,NA,Reaxys
MECHNRXZTMCUDQ-RKHKHRCZSA-N,[H][C@](C)(\C=C\[C@@]([H])(C)[C@@]1([H])CC[C@@]2([H])\C(CCC[C@]12C)=C\C=C1\C[C@@H](O)CCC1=C)C(C)C,-0.200475114,26,Reaxys
MENUYOGJCXAFFU-UHFFFAOYSA-N,N#C\C(=N/NC1=CC=CC=C1)C#N,0.389157907,25,Reaxys
MGNCLNQXLYJVJD-UHFFFAOYSA-N,ClC1=NC(Cl)=NC(Cl)=N1,0.027020488,25,Reaxys
MGPUCIDTPHNZJM-UHFFFAOYSA-N,O=C(NC1=NC=CC=C1)C1=CC=C(C=C1)C(=O)NC1=NC=CC=C1,-3.502884391,NA,Reaxys
MHOOPNKRBMHHEC-HZIBQTDNSA-N,C\C=C\C1=CC(=O)[C@H](O)[C@H]1O,-0.42832076,NA,Reaxys
MIJYXULNPSFWEK-GTOFXWBISA-N,[H][C@@]12CC(C)(C)CC[C@@]1(CC[C@]1(C)C2=CC[C@]2([H])[C@@]3(C)CC[C@H](O)C(C)(C)[C@]3([H])CC[C@@]12C)C(O)=O,-1.863279662,25.14,Reaxys
MNCUCCJMXIWMJJ-UHFFFAOYSA-N,N#CSC=CSC#N,-0.038971514,16,Reaxys
MRQIXHXHHPWVIL-ISLYRVAYSA-N,OC1=CC=C2C=CC=CC2=C1\N=N\C1=CC=CC=C1,-1.130189922,24.85,Reaxys
MRVBYQLOIUGZSI-LNFKQOIKSA-N,[H][C@]12OC[C@@H](OCC3=CN(C=C)N=N3)[C@@]1([H])OC[C@@H]2O,-1.403563173,NA,Reaxys
MWFFIRCXGDGFQB-UHFFFAOYSA-N,NC(=O)C1=CC=C(C=C1)S(N)(=O)=O,-1.854345088,25,Reaxys
MWPLVEDNUUSJAV-UHFFFAOYSA-N,C1=CC2=CC3=CC=CC=C3C=C2C=C1,-1.337249478,20,Reaxys
MXHDSBYJGVZESK-UHFFFAOYSA-N,O=C(NC1=CC=CC=C1)C1=CC=C(C=C1)C(=O)NC1=CC=CC=C1,-3.500180194,NA,Reaxys
MYSWGUAQZAJSOK-UHFFFAOYSA-N,OC(=O)C1=CN(C2CC2)C2=CC(N3CCNCC3)=C(F)C=C2C1=O,-3.76721595,24.99,Reaxys
NFBLQKVUYFRWJV-UHFFFAOYSA-N,CC(OCC(N)=O)C(N)=O,-1.155973924,20,Reaxys
NGMMGKYJUWYIIG-UHFFFAOYSA-N,NC(=O)C1=CC(O)=CC=C1,-0.537602221,20,Reaxys
NHAZGGKOGUUUSH-UHFFFAOYSA-N,CC(C)(O)P1(=O)OCC(C)(C)CO1,-1.166015098,25.49,Reaxys
NHIFBKRZNRSFHV-UHFFFAOYSA-N,CC(=O)OCC(COC(=O)C1=CC=C(C=C1)N(=O)=O)OC(=O)C1=CC=C(C=C1)N(=O)=O,-1.272611445,21,Reaxys
NHRIWEKOARVHSN-UHFFFAOYSA-N,COC1=C(C(=CC(=C1N(=O)=O)N(=O)=O)N(=O)=O)N(=O)=O,0.440247065,29,Reaxys
NIHNNTQXNPWCJQ-UHFFFAOYSA-N,C1C2=CC=CC=C2C2=C1C=CC=C2,-0.032223325,24.84,Reaxys
NLGZSVBAHNOHDH-UHFFFAOYSA-N,O=C(OCC(COC(=O)C1=CC=C(C=C1)N(=O)=O)OC(=O)C1=CC=CC=C1)C1=CC=C(C=C1)N(=O)=O,-1.231019379,21,Reaxys
NNILZRGLHCDVMC-AQTBWJFISA-N,CO\C=C(\C(C)=O)C1=C(OC2=CC(OC3=C(C=CC=C3)C#N)=NC=N2)C=CC=C1,-0.65365556,20,Reaxys
NOCJXYPHIIZEHN-UHFFFAOYSA-N,CN1CCN(CC1)C1=CC2=C(C=C1F)C(=O)C(=CN2C1=CC=C(F)C=C1)C(O)=O,-1.043231673,24.99,Reaxys
NOIRTYMOEFHJRM-UHFFFAOYSA-N,COCN1C(=O)C2=C(C=CC=C2)C1=O,-0.184546074,25,Reaxys
NPCHNZVQOCCEIW-LDWIPMOCSA-N,CC1(C)[C@H](CC[C@@]1(C)C(O)=O)C(N)=O,-1.103498678,18,Reaxys
NRDWUPPIGBHWAS-ZJUUUORDSA-N,CCC[C@H]1CC2=C(C[C@@H](CC)CC3=C1C(=O)OC3=O)C(=O)OC2=O,0.277740946,20,Reaxys
OBVKXTYZYVDEHF-UHFFFAOYSA-N,CCCC(=O)N(C(=O)NC1=CC=C(C=C1)N(C)C)C1=CC=C(C=C1)N(C)C,-1.947267216,20,Reaxys
OCJBOOLMMGQPQU-UHFFFAOYSA-N,ClC1=CC=C(Cl)C=C1,0.588545704,20,Reaxys
OFEFIAFAVVRMOS-UHFFFAOYSA-N,O=C1OC(NC2=CC(=CC=C2)N(=O)=O)(NC2=CC(=CC=C2)N(=O)=O)C2=CC=CC=C12,-0.51935619,20,Reaxys
OGJPXUAPXNRGGI-UHFFFAOYSA-N,CCN1C=C(C(O)=O)C(=O)C2=CC(F)=C(C=C12)N1CCNCC1,-1.796677705,25,Reaxys
OHFMYIFFLOZSMF-UHFFFAOYSA-N,CC1(C)COP(=O)(NCCNP2(=O)OCC(C)(C)CO2)OC1,-1.358088214,24.99,Reaxys
OKJPEAGHQZHRQV-UHFFFAOYSA-N,IC(I)I,-0.516019467,25,Reaxys
OLFSCPKAHMFATL-UHFFFAOYSA-N,O=C(NC1=CC=CC=C1)C1=CC=C(N=C1)C(=O)NC1=CC=CC=C1,-3.200504401,NA,Reaxys
OLOASFSCLBJEOF-UHFFFAOYSA-N,COC1=C(NC2=CC(C)=C(C=C2N(=O)=O)N(=O)=O)C=CC=C1,-0.91579268,24.5,Reaxys
ONCZDRURRATYFI-TVJDWZFNSA-N,CO\N=C(\C(=O)OC)C1=C(CO\N=C(/C)C2=CC(=CC=C2)C(F)(F)F)C=CC=C1,0.08790873,25,Reaxys
ORILYTVJVMAKLC-UHFFFAOYSA-N,C1C2CC3CC1CC(C2)C3,0.246296012,20,Reaxys
OROGSEYTTFOCAN-DNJOTXNNSA-N,[H][C@@]12OC3=C(OC)C=CC4=C3[C@@]11CCN(C)[C@H](C4)[C@]1([H])C=C[C@@H]2O,-0.369151016,20,Reaxys
OSZUGFVVDWLSBH-UHFFFAOYSA-N,CCCCCCC(=O)N(C(=O)NC1=CC=C(C=C1)N(C)C)C1=CC=C(C=C1)N(C)C,-1.642960017,20,Reaxys
OXNIZHLAWKMVMX-UHFFFAOYSA-N,OC1=C(C=C(C=C1N(=O)=O)N(=O)=O)N(=O)=O,0.456469311,20,Reaxys
PCCSBWNGDMYFCW-UHFFFAOYSA-N,CC1(OC(=O)N(NC2=CC=CC=C2)C1=O)C1=CC=C(OC2=CC=CC=C2)C=C1,-0.135580637,25,Reaxys
PCOBBVZJEWWZFR-UHFFFAOYSA-N,CCOC(=O)NC1=C(N)C=C(NCC2=CC=C(F)C=C2)C=C1,-0.083983947,NA,Reaxys
PCZOHLXUXFIOCF-BXMDZJJMSA-N,[H][C@]12[C@H](C[C@@H](C)C=C1C=C[C@H](C)[C@@H]2CC[C@@H]1C[C@@H](O)CC(=O)O1)OC(=O)[C@@H](C)CC,-0.778343399,25.6,Reaxys
PDRGHUMCVRDZLQ-WMZOPIPTSA-N,[H][C@@]12CCC(=O)[C@@]1(C)CCC1=C3C=CC(O)=CC3=CC=C21,-0.918843431,30,Reaxys
PFURGBBHAOXLIO-PHDIDXHHSA-N,O[C@@H]1CCCC[C@H]1O,-0.245512668,20,Reaxys
PFVCRIULCASTAH-ZMGSENCKSA-N,CC1(C)[C@@H]2CC[C@@]1(C)C(=O)\C2=C(/O)C1=CC=CC=C1,-0.235201593,17,Reaxys
PJHUABJTDFXYRQ-UHFFFAOYSA-N,O=C(N=N#N)C1=CC=CC=C1,0.85748448,20,Reaxys
POOSGDOYLQNASK-UHFFFAOYSA-N,CCCCCCCCCCCCCCCCCCCCCCCC,-2.585282514,19.85,Reaxys
POULHZVOKOAJMA-UHFFFAOYSA-N,CCCCCCCCCCCC(O)=O,0.481329133,24.84,Reaxys
PPJVBBJMDLANLB-UHFFFAOYSA-N,O=N(=O)C1=CC=C(C2=C1C=CC=C2N(=O)=O)N(=O)=O,-0.487933625,15,Reaxys
PROQIPRRNZUXQM-ZXXIGWHRSA-N,[H][C@@]12C[C@@H](O)[C@H](O)[C@@]1(C)CC[C@]1([H])C3=C(CC[C@@]21[H])C=C(O)C=C3,-1.948105681,30,Reaxys
PROUDSLIHYGGFR-UHFFFAOYSA-N,O=C(NC1=CC=C(NC(=O)C2=NC=CC=C2)C=C1)C1=NC=CC=C1,-2.803914386,NA,Reaxys
PRPINYUDVPFIRX-UHFFFAOYSA-N,OC(=O)CC1=CC=CC2=CC=CC=C12,0.516299798,25.79,Reaxys
PRWFRMQHEAGAIW-UHFFFAOYSA-N,CCCCC(=O)N(C(=O)NC1=CC=C(C=C1)N(C)C)C1=CC=C(C=C1)N(C)C,-1.658384817,20,Reaxys
PSPMLTCJDRSKFJ-UHFFFAOYSA-N,CNC(=O)C(=N#N)C(=O)OC,0.35852951,18,Reaxys
PSVPUHBSBYJSMQ-UHFFFAOYSA-N,CS(=O)(=O)C1=CC=C(C=O)C=C1,-1.325526145,24.99,Reaxys
PTFIPECGHSYQNR-UHFFFAOYSA-N,CCCCCCCCCCCCCCCC1=CC=CC(O)=C1,0.676000641,24.38,Reaxys
PTXOYBPJOMEDBV-UHFFFAOYSA-N,O=C1OC(=O)C2C3=C(C=CC=C3)C1C1=C2C=CC=C1,-1.097351032,15,Reaxys
PUUPGXQPWDWTPH-GTPODGLVSA-N,[H][C@@](C)(CCCC(C)C)[C@@]1([H])CC[C@@]2([H])[C@]3([H])CC=C4C[C@H](CC[C@]4(C)[C@@]3([H])CC[C@]12C)OC(=O)C(C)C,-1.659681409,20,Reaxys
PVILRJKUAKYHEK-UHFFFAOYSA-N,COC(=O)C1=CC(=CC(OCC2=CC=NC=C2)=C1)C(=O)OC,-0.70084644,NA,Reaxys
PVNIIMVLHYAWGP-UHFFFAOYSA-N,OC(=O)C1=CC=CN=C1,-1.499232252,23,Reaxys
PZIBZJJQCSJKLC-UHFFFAOYSA-N,ClC1=CC=CC2=C1C=CC1=NC3=CC=CC=C3N(=O)=C21,-1.30213449,18,Reaxys
QBPFLULOKWLNNW-UHFFFAOYSA-N,OC1=CC=CC2=C1C(=O)C1=C(O)C=CC=C1C2=O,-1.6005955,24.99,Reaxys
QCDYQQDYXPDABM-UHFFFAOYSA-N,OC1=CC(O)=CC(O)=C1,0.534039156,25,Reaxys
QCXJEYYXVJIFCE-UHFFFAOYSA-N,CC(=O)NC1=CC=C(C=C1)C(O)=O,-1.292430062,20,Reaxys
QFOHBWFCKVYLES-UHFFFAOYSA-N,CCCCOC(=O)C1=CC=C(O)C=C1,0.430177531,19.9,Reaxys
QGBSISYHAICWAH-UHFFFAOYSA-N,N\C(N)=N/C#N,-0.687403465,NA,Reaxys
QGZBWVROTIMWPF-AWEZNQCLSA-N,[H][C@@](CC1=CC=C(O)C=C1)(N(CCC#N)CCC#N)C(O)=O,0.175105621,26,Reaxys
QIJZEVMDXMIRHM-AEMDVCDZSA-N,CCC12SC3S[C@@H](S[C@](CC)(S3)S1)S2,-2.17692864,NA,Reaxys
QIQXTHQIDYTFRH-UHFFFAOYSA-N,CCCCCCCCCCCCCCCCCC(O)=O,-0.98281575,24.89,Reaxys
QJAIOCKFIORVFU-UHFFFAOYSA-N,CN(C)C1=CC=C(C=C1)N(=O)=O,-1.722553688,25,Reaxys
QJVXKWHHAMZTBY-GCPOEHJPSA-N,COC1=CC(\C=C\CO)=CC(OC)=C1O[C@@H]1O[C@H](CO)[C@@H](O)[C@H](O)[C@H]1O,-2.676107361,20,Reaxys
QLZHNIAADXEJJP-UHFFFAOYSA-N,OP(O)(=O)C1=CC=CC=C1,0.371741675,24.99,Reaxys
QMGVPVSNSZLJIA-FVWCLLPLSA-N,[H][C@]12C[C@@]3([H])C4=CCO[C@@]5([H])CC(=O)N6C7=C(C=CC=C7)[C@@]1(CCN2C4)[C@]6([H])[C@@]35[H],-2.403715714,15,Reaxys
QPPBRPIAZZHUNT-UHFFFAOYSA-N,CC1=NC(NS(=O)(=O)C2=CC=C(N)C=C2)=NC=C1,-1.388288632,24,Reaxys
QRXWMOHMRWLFEY-UHFFFAOYSA-N,NNC(=O)C1=CC=NC=C1,-0.893415339,27.84,Reaxys
QSACCXVHEVWNMX-UHFFFAOYSA-N,CC(=O)NC1=CC=CC=C1C(O)=O,-0.698970004,20,Reaxys
QVNDSQQNODQYJM-YHUYYLMFSA-N,OC(=O)[C@H]1[C@H]([C@H]([C@@H]1C1=CC=CC=C1)C1=CC=CC=C1)C(O)=O,-1.207123417,20,Reaxys
QWCRAEMEVRGPNT-UHFFFAOYSA-N,O=C1CC2(CCCC2)CC(=O)N1CCCCN1CCN(CC1)C1=NC=CC=N1,-0.641551849,NA,Reaxys
QXSAKPUBHTZHKW-UHFFFAOYSA-N,NC(=O)C1=CC=C(O)C=C1,-0.906578621,20,Reaxys
RAYRRTBHPMNPSP-UHFFFAOYSA-N,NC1=C(NC2=CC=CC=C2)C=CC=C1Cl,0.204247063,20,Reaxys
RBKZPLGVRVCFHO-UHFFFAOYSA-N,COC1=CC=C(C=C1)C(=O)C1C(C1C1=CC=CC=C1)C(O)=O,-0.752986964,NA,Reaxys
RBNWAMSGVWEHFP-WAAGHKOSSA-N,CC(C)(O)[C@H]1CC[C@@](C)(O)CC1,-0.66756881,25,Reaxys
RBOXVHNMENFORY-DNJOTXNNSA-N,[H][C@@]12OC3=C4C(C[C@H]5N(C)CC[C@@]14[C@@]5([H])CC[C@@H]2O)=CC=C3OC,-0.936435936,20,Reaxys
REFJWTPEDVJJIY-UHFFFAOYSA-N,OC1=CC(O)=C2C(=O)C(O)=C(OC2=C1)C1=CC=C(O)C(O)=C1,-0.878291949,20,Reaxys
REQGKPUCIBDMFW-OUKQBFOZSA-N,CCCCCCC\C=C\C(=O)N(C(=O)NC1=CC=C(C=C1)N(C)C)C1=CC=C(C=C1)N(C)C,-1.37873342,20,Reaxys
RFMMMVDNIPUKGG-YFKPBYRVSA-N,[H][C@@](CCC(O)=O)(NC(C)=O)C(O)=O,-1.954628378,25,Reaxys
RGDPZMQZWZMONQ-UHFFFAOYSA-N,CC(=O)NC1=CC=CC(=C1)C(O)=O,-1.657577319,20,Reaxys
RHTVQEPJVKUMPI-UHFFFAOYSA-N,O=N(=O)C1=CC=C(NC2=CC=CC=C2)C(=C1)N(=O)=O,-0.943035544,15,Reaxys
RIOQSEWOXXDEQQ-UHFFFAOYSA-N,C1=CC=C(C=C1)P(C1=CC=CC=C1)C1=CC=CC=C1,0.080083531,30.04,Reaxys
RITAVMQDGBJQJZ-FMIVXFBMSA-N,CNC(=O)C1=CC=CC=C1SC1=CC=C2C(NN=C2\C=C\C2=NC=CC=C2)=C1,-2.587123653,22.5,Reaxys
RJFKAACXQHIYTD-UHFFFAOYSA-N,CCCCCCCCC(O)CC(=O)N(C(=O)NC1=CC=C(C=C1)N(C)C)C1=CC=C(C=C1)N(C)C,-1.759393273,20,Reaxys
RJKGJBPXVHTNJL-UHFFFAOYSA-N,O=N(=O)C1=CC=CC2=C1C=CC=C2,0.775650381,18,Reaxys
RJNJWHFSKNJCTB-UHFFFAOYSA-N,NC(=O)NCC1=CC=CC=C1,-0.685250406,23,Reaxys
RLMGYIOTPQVQJR-PHDIDXHHSA-N,O[C@@H]1CCC[C@@H](O)C1,-0.167429512,17.5,Reaxys
RMBFBMJGBANMMK-UHFFFAOYSA-N,CC1=CC=C(C=C1N(=O)=O)N(=O)=O,0.547763067,15,Reaxys
RRGUKTPIGVIEKM-UHFFFAOYSA-N,O=C1CCC2=CC(OCCCCC3=NN=NN3C3CCCCC3)=CC=C2N1,-1.699519292,25,Reaxys
RSQSQJNRHICNNH-NFMPGMCNSA-N,[H][C@@]12CC[C@@H]3C[C@]1(CC3=C)[C@@H](C(O)=O)[C@]1([H])[C@@]3(C)[C@@H](O)CC[C@@]21OC3=O,-0.029194105,24.99,Reaxys
RTNLUFLDZOAXIC-UHFFFAOYSA-N,ClC1=C(Cl)C2=C(Cl)C(Cl)=C(Cl)C(Cl)=C2C(Cl)=C1Cl,-2.004035333,22.5,Reaxys
RWTQCZGAMKTBRV-PTHRTHQKSA-N,[H][C@@](C)(CCCC(C)C)[C@@]1([H])CC[C@@]2([H])[C@]3([H])CC=C4C[C@H](CC[C@]4(C)[C@@]3([H])CC[C@]12C)OC(=O)CCCC,-1.558874652,20,Reaxys
RYFIDGIWTNANMO-DIVCQZSQSA-N,O[C@@]1(C2=CC=CC=C2)C2=C(C=CC=C2)[C@@](O)(C2=CC=CC=C2)C2=C1C=CC=C2,-2.163690796,17,Reaxys
RYYVLZVUVIJVGH-UHFFFAOYSA-N,CN1C=NC2=C1C(=O)N(C)C(=O)N2C,-1.214386967,25,Reaxys
RZEKVGVHFLEQIL-UHFFFAOYSA-N,CC1=CC=C(C=C1)C1=CC(=NN1C1=CC=C(C=C1)S(N)(=O)=O)C(F)(F)F,0.23155772,25,Reaxys
RZVAJINKPMORJF-UHFFFAOYSA-N,CC(=O)NC1=CC=C(O)C=C1,-0.285320521,25,Reaxys
SDACGHLXIUCCIC-ONEGZZNKSA-N,CC1(C)CC(\C=C\C2=CC=C(O)C=C2)=C/C(C1)=C(/C#N)C#N,-0.154774845,25,Reaxys
SFJYTMIHHKWPPF-UHFFFAOYSA-N,OCCOC1=C2C=CC=CC2=C(OCCO)C(=C1)P1(=O)OC2=C(C=CC=C2)C2=C1C=CC=C2,-2.770184797,20,Reaxys
SKAADKSETAYKGL-UHFFFAOYSA-N,CN(C(N)=O)C1=CC=CC=C1,0.29173523,23,Reaxys
SKHNBBWSAZARMN-UHFFFAOYSA-N,CCCCCCCCCCCCCCCCCC(=O)OCCCCOP(O)(=O)OCCN,-2.956637714,20,Reaxys
SKRVQRQCLHCKBW-UHFFFAOYSA-N,CCCOCN1C(=O)C2=C(C=CC=C2)C1=O,0.057020215,NA,Reaxys
SKZKKFZAGNVIMN-UHFFFAOYSA-N,NC(=O)C1=CC=CC=C1O,0.242728476,25,Reaxys
SLAMLWHELXOEJZ-UHFFFAOYSA-N,OC(=O)C1=CC=CC=C1N(=O)=O,0.406536563,20,Reaxys
SLGDDCQUASJOKM-UHFFFAOYSA-N,O=C(NC1=CN=C(NC(=O)C2=CC=CC=C2)C=C1)C1=CC=CC=C1,-2.200504401,NA,Reaxys
SLKHRJWWFSTBJC-AXTSPUMRSA-N,Cl[C@H]1[C@H](Cl)[C@@H](Cl)C2=CC=CC=C2[C@@H]1Cl,-0.250914279,20,Reaxys
SLSUKCXXFCZYMJ-UHFFFAOYSA-N,CSCC12CSCC(C1)C(C)=CC2=O,0.058657723,20,Reaxys
SMNDYUVBFMFKNZ-UHFFFAOYSA-N,OC(=O)C1=CC=CO1,0.444349871,25.99,Reaxys
SNNRJYFQCCUBLH-UHFFFAOYSA-N,CCCCCCC(O)CC(=O)N(C(=O)NC1=CC=C(C=C1)N(C)C)C1=CC=C(C=C1)N(C)C,-1.32820329,20,Reaxys
SNVIFSLTSRZQIN-UHFFFAOYSA-N,CC(=O)N(C1CCCCC1)C1=CC=CC=C1,0.433770301,20,Reaxys
SPSSULHKWOKEEL-UHFFFAOYSA-N,CC1=C(C=C(C=C1N(=O)=O)N(=O)=O)N(=O)=O,0.579982105,19.84,Reaxys
STFUKMOFLHNGMB-UHFFFAOYSA-N,CCCCCCCCC(=O)N(C(=O)NC1=CC=C(C=C1)N(C)C)C1=CC=C(C=C1)N(C)C,-1.274455393,20,Reaxys
SYIOCCMYRHBPIF-UHFFFAOYSA-N,CC1=CC(C)=C(C=C1)C(C1=C(C)C=C(C)C=C1)C(Cl)(Cl)Cl,-0.329535164,NA,Reaxys
SZTDSGCADFWGKM-UHFFFAOYSA-N,OCCCP(=O)(CCCO)CCCO,-1.864985102,24.98,Reaxys
SZYVPWPBRABKAB-UHFFFAOYSA-N,OC1=CC(Br)=C(C=C1)N(=O)=O,-1.915224565,30,Reaxys
TUNFSRHWOTWDNC-UHFFFAOYSA-N,CCCCCCCCCCCCCC(O)=O,-0.262381779,20,Reaxys
TUXYZHVUPGXXQG-UHFFFAOYSA-N,OC(=O)C1=CC=C(Br)C=C1,-0.30364119,20,Reaxys
TWMZHJMQNOMUGB-IBGZPJMESA-N,[H][C@](O)(C(=O)NCCC(=O)NCCSC(=O)C1=CC=CC2=C1C=CC=C2)C(C)(C)CO,-1.459936021,20,Reaxys
TYMLOMAKGOJONV-UHFFFAOYSA-N,NC1=CC=C(C=C1)N(=O)=O,0.304933209,25,Reaxys
TZBJGXHYKVUXJN-UHFFFAOYSA-N,OC1=CC=C(C=C1)C1=COC2=CC(O)=CC(O)=C2C1=O,-1.169035538,17.5,Reaxys
UATJOMSPNYCXIX-UHFFFAOYSA-N,O=N(=O)C1=CC(=CC(=C1)N(=O)=O)N(=O)=O,0.337934939,17,Reaxys
UBEZGTUPVRSCCP-UHFFFAOYSA-N,CN(C)C1=CC=C(NC(=O)N(C=O)C2=CC=C(C=C2)N(C)C)C=C1,-1.684379381,20,Reaxys
UBIJTWDKTYCPMQ-UHFFFAOYSA-N,ClP1(Cl)=NP(Cl)(Cl)=NP(Cl)(Cl)=N1,-0.423567349,20,Reaxys
UCAHGXFXBRSTPX-UHFFFAOYSA-N,O=N(=O)C1=CC=C(OC2=C(C=C(C=C2N(=O)=O)N(=O)=O)N(=O)=O)C(=C1)N(=O)=O,-0.401133386,23,Reaxys
UCNVFOCBFJOQAL-UHFFFAOYSA-N,Cl\C(Cl)=C(/C1=CC=C(Cl)C=C1)C1=CC=C(Cl)C=C1,-0.011106395,NA,Reaxys
UERPUZBSSSAZJE-UHFFFAOYSA-N,ClC1=C2C(=O)OC(=O)C2=CC=C1,0.469946158,24.99,Reaxys
UFBJCMHMOXMLKC-UHFFFAOYSA-N,OC1=CC=C(C=C1N(=O)=O)N(=O)=O,0.184891445,15,Reaxys
UFWIBTONFRDIAS-UHFFFAOYSA-N,C1=CC2=CC=CC=C2C=C1,0.470144966,24.95,Reaxys
UGDXBXSNMVUDQD-FOCLMDBBSA-N,CCCCCCCCCC\C=C\C(=O)N(C(=O)NC1=CC=C(C=C1)N(C)C)C1=CC=C(C=C1)N(C)C,-3.841548882,20,Reaxys
UHWJMXASZSKFEO-UHFFFAOYSA-N,O=N(=O)C1=CC(=C(NC2=CC=C(C=C2N(=O)=O)N(=O)=O)C=C1)N(=O)=O,-1.11674556,15,Reaxys
UIOBKSBTVLAPDR-DHDCSXOGSA-N,CCOC(=O)C1=C(C)NC(\C=C2/N=C(C)C(C(=O)OCC)=C/2C)=C1C,-2.235825584,25,Reaxys
UJKWVVLRVCSFBB-HNNXBMFYSA-N,[H][C@](O)(C(=O)NCCC(=O)NCCSC(=O)C1=CC=CC=C1)C(C)(C)CO,-0.883639862,20,Reaxys
UJOBWOGCFQCDNV-UHFFFAOYSA-N,N1C2=C(C=CC=C2)C2=C1C=CC=C2,-0.341620856,30,Reaxys
ULQISTXYYBZJSJ-QGZVFWFLSA-N,[H][C@@](O)(CCCCCC)CCCCCCCCCCC(O)=O,-0.778848457,NA,Reaxys
UMVOQQDNEYOJOK-UHFFFAOYSA-N,CC1=CC(=CC(C)=C1)C(O)=O,-0.194784817,20,Reaxys
UNTITLLXXOKDTB-UHFFFAOYSA-N,C1COCCOC2=C(OCCOCCOCCOC3=C(OCCO1)C=CC=C3)C=CC=C2,-1.498936526,25,Reaxys
UNXHWFMMPAWVPI-ZXZARUISSA-N,[H][C@](O)(CO)[C@]([H])(O)CO,-2.452585735,23.4,Reaxys
UTQSUDKKBZEXHH-UHFFFAOYSA-N,NC1=C(NC2=C(Cl)C=CC=C2)C=CC(Cl)=C1,-0.136173606,20,Reaxys
UUQHKWMIDYRWHH-UHFFFAOYSA-N,COC(=O)C1=C(O)C(C)=C(O)C=C1C,0.35053991,19.99,Reaxys
UVOTVQIUSZDLAM-GGLFOPPFSA-N,[H][C@@]12CC=C(C(C)=O)[C@@]1(C)C[C@H](O)[C@@]1([H])[C@@]2([H])CCC2=CC(=O)C=C[C@]12C,0.414898592,24.99,Reaxys
UVSMNLNDYGZFPF-UHFFFAOYSA-N,NC1=CC=CC2=C1C(=O)N(C1CCC(=O)NC1=O)C2=O,-2.137703915,20,Reaxys
UYIFTLBWAOGQBI-BZDYCCQFSA-N,[H][C@@]12CC[C@H](O)[C@@]1(C)CC[C@]1([H])C3=CC=C(OC(=O)C4=CC=CC=C4)C=C3CC[C@@]21[H],-0.274730371,20,Reaxys
VFRHZMZLRWTDHX-UHFFFAOYSA-N,CCCCCCCCCC(O)CC(=O)N(C(=O)NC1=CC=C(C=C1)N(C)C)C1=CC=C(C=C1)N(C)C,-1.170790508,20,Reaxys
VHQGURIJMFPBKS-UHFFFAOYSA-N,O=C1C2=CC(=CC(=C2C2=C1C=C(C=C2)N(=O)=O)N(=O)=O)N(=O)=O,-0.88605527,22,Reaxys
VHUNCYDAXJGCLO-AHMNSWSSSA-N,COC(=O)C1=C(O[C@@H]2O[C@H](CO[C@@H]3OC[C@@H](O)[C@H](O)[C@H]3O)[C@@H](O)[C@H](O)[C@H]2O)C=CC=C1,-2.567341591,19,Reaxys
VKONPUDBRVKQLM-IZLXSQMJSA-N,O[C@H]1CC[C@H](O)CC1,-0.784023236,16,Reaxys
VKYKSIONXSXAKP-UHFFFAOYSA-N,C1N2CN3CN1CN(C2)C3,-0.950811187,20,Reaxys
VLIUIBXPEDFJRF-UHFFFAOYSA-N,ONC(=O)CCCCCCNC(=O)C1=CN=C(N=C1)N(C1=CC=CC=C1)C1=CC=CC=C1Cl,-1.628811407,15,Reaxys
VLPXGVNKPRHLGC-UHFFFAOYSA-N,CC(=O)CC(=O)N(C1=CC=CC=C1)C1=CC=CC=C1,0.259120927,20,Reaxys
VMFZFBNQMGFEJG-UHFFFAOYSA-N,CN(C)C1=CC=C(NC(=O)N(C(C)=O)C2=CC=C(C=C2)N(C)C)C=C1,-1.673363962,20,Reaxys
VOIZNVUXCQLQHS-UHFFFAOYSA-N,OC(=O)C1=CC=CC(Br)=C1,0.017033838,20,Reaxys
VOXZDWNPVJITMN-ZBRFXRBCSA-N,[H][C@@]12CC[C@H](O)[C@@]1(C)CC[C@]1([H])C3=CC=C(O)C=C3CC[C@@]21[H],-0.680578154,30,Reaxys
VPVXHAANQNHFSF-UHFFFAOYSA-N,O=C1COCCO1,0.964031913,15.3,Reaxys
VXTGHWHFYNYFFV-UHFFFAOYSA-N,CCCS(=O)C1=CC=C2NC(NC(=O)OC)=NC2=C1,-3.847163773,25,Reaxys
VZCYOOQTPOCHFL-OWOJBTEDSA-N,OC(=O)\C=C\C(O)=O,-1.103563434,23.84,Reaxys
WDENQIQQYWYTPO-IBGZPJMESA-N,CC#CC(=O)N1CCC[C@H]1C1=NC(=C2N1C=CN=C2N)C1=CC=C(C=C1)C(=O)NC1=NC=CC=C1,-2.190811492,25,Reaxys
WDFKMLRRRCGAKS-UHFFFAOYSA-N,OC1=C2N=CC=CC2=C(Cl)C=C1Cl,-1.330517261,25,Reaxys
WJFKNYWRSNBZNX-UHFFFAOYSA-N,N1C2=CC=CC=C2SC2=C1C=CC=C2,-0.103555345,NA,Reaxys
WJHSRFQBVYHKKL-CMWLGVBASA-N,OC[C@H]1O[C@@H](OC2=CC3=C(C(=O)C(=CO3)C3=CC(O)=C(O)C=C3)C(O)=C2)[C@H](O)[C@@H](O)[C@@H]1O,-2.987228403,18,Reaxys
WJHXJYUKJVLCRB-UHFFFAOYSA-N,ClC1=C2C(=O)C(Cl)(Cl)C(=O)C2=C(Cl)C(Cl)=C1Cl,-0.558543656,25,Reaxys
WKDNYTOXBCRNPV-UHFFFAOYSA-N,O=C1OC(=O)C2=C1C=CC(=C2)C1=CC2=C(C=C1)C(=O)OC2=O,-2.573802534,25,Reaxys
WLJVXDMOQOGPHL-UHFFFAOYSA-N,OC(=O)CC1=CC=CC=C1,0.996380458,20,Reaxys
WNLRTRBMVRJNCN-UHFFFAOYSA-N,OC(=O)CCCCC(O)=O,-0.642191393,24.99,Reaxys
WNSIHLBGVWBZIH-UHFFFAOYSA-N,CC(=O)OC(COC(=O)C1=CC=C(C=C1)N(=O)=O)COC(=O)C1=CC=C(C=C1)N(=O)=O,-1.371742918,21,Reaxys
WOUBWJAJSXAOIV-UHFFFAOYSA-N,NS(=O)(=O)C1=CC=C(C=C1)S(N)(=O)=O,-0.771354104,25,Reaxys
WOZSCQDILHKSGG-UHFFFAOYSA-N,CC(C)(C)C(=O)OCOP(=O)(COCCN1C=NC2=C1N=CN=C2N)OCOC(=O)C(C)(C)C,-0.048751483,24.99,Reaxys
WPYMKLBDIGXBTP-UHFFFAOYSA-N,OC(=O)C1=CC=CC=C1,0.513935905,25,Reaxys
WUBBRNOQWQTFEX-UHFFFAOYSA-N,NC1=CC=C(C(O)=O)C(O)=C1,-0.059761557,23.5,Reaxys
WUPFRVISYZBSJJ-UHFFFAOYSA-N,CCCCCCCC(=O)N(C(=O)NC1=CC=C(C=C1)N(C)C)C1=CC=C(C=C1)N(C)C,-1.661214006,20,Reaxys
WURBFLDFSFBTLW-UHFFFAOYSA-N,O=C(C(=O)C1=CC=CC=C1)C1=CC=CC=C1,0.334813507,25,Reaxys
WUWTZZYHTFBSKC-UHFFFAOYSA-N,O=C(NC1=CC=CC=C1)C1=CN=C(C=N1)C(=O)NC1=CC=CC=C1,-3.502884391,NA,Reaxys
WXNXCEHXYPACJF-SSDOTTSWSA-N,[H][C@](CC(C)C)(NC(C)=O)C(O)=O,-1.000531873,25,Reaxys
WXTMDXOMEHJXQO-UHFFFAOYSA-N,OC(=O)C1=CC(O)=CC=C1O,-0.187864636,25,Reaxys
WXUZAHCNPWONDH-DYTRJAOYSA-N,CNC(=O)C(=N\OC)\C1=C(COC2=CC(C)=CC=C2C)C=CC=C1,-0.678052926,20,Reaxys
WYEHFWKAOXOVJD-UHFFFAOYSA-N,FC1=CC=C(NC(=O)C2=C(OC3=CC(=CC=C3)C(F)(F)F)N=CC=C2)C(F)=C1,-0.595827879,20,Reaxys
WYJKJOYWHVMPFL-UHFFFAOYSA-N,CC(OC1=CC=CC2=CC=CC=C12)C(N)=O,-1.08782952,25,Reaxys
WZSCKTIRIGZORS-VOTSOKGWSA-N,C\C=C\CCCCCCCC(=O)N(C(=O)NC1=CC=C(C=C1)N(C)C)C1=CC=C(C=C1)N(C)C,-2.008829226,20,Reaxys
XCDXSSFOJZZGQC-UHFFFAOYSA-N,ClCCN(CCCl)C1=CC2=CC=CC=C2C=C1,0.495843183,15,Reaxys
XCXDKIUJEGJDJL-YIZNBMETSA-N,[H][C@@](C)(CCCC(C)C)[C@@]1([H])CC[C@@]2([H])[C@]3([H])CC=C4C[C@H](CC[C@]4(C)[C@@]3([H])CC[C@]12C)OC(=O)C(O)=O,-0.855331724,20,Reaxys
XEZVDURJDFGERA-UHFFFAOYSA-N,CCCCCCCCCCCCCCCCCCCCCCC(O)=O,-1.549759551,15,Reaxys
XGDRLCRGKUCBQL-UHFFFAOYSA-N,N#CC1=C(N=CN1)C#N,0,NA,Reaxys
XGNHEICZCRPVHP-UHFFFAOYSA-N,O1C2=C(OP11=NP3(OC4=C(O3)C=CC=C4)=NP3(OC4=C(O3)C=CC=C4)=N1)C=CC=C2,-2.363869395,25.19,Reaxys
XIUUSFJTJXFNGH-UHFFFAOYSA-N,CN1C2C(N(C)C1=O)N(C)C(=O)N2C,-0.926617581,19,Reaxys
XJYDCCKHUXCATF-UHFFFAOYSA-N,NC1=C(C(=C(C(=C1N(=O)=O)N(=O)=O)N(=O)=O)N(=O)=O)N(=O)=O,-0.125835238,20,Reaxys
XKEFYDZQGKAQCN-UHFFFAOYSA-N,ClC1=CC(Cl)=CC(Cl)=C1,0.19477696,24.99,Reaxys
XLWKIQKOAXZPLJ-UHFFFAOYSA-N,CN(C)C1=CC=C(NC(=O)N(C(=O)\C=C(/C)C)C2=CC=C(C=C2)N(C)C)C=C1,-1.361191135,20,Reaxys
XNGJUGUTYMLWIM-UHFFFAOYSA-N,CC1(C)C2CCC1(CBr)C(=O)C2Br,-0.273918375,NA,Reaxys
XPOFTPYDSZJRKX-VOVZHTNUSA-N,[H][C@@]12C[C@@]3([H])[C@]4([H])CCC5=CC(=O)CC[C@]5(C)[C@@]4([H])[C@H](O)C[C@]3(C)[C@@]1(O2)C(C)=O,-1.657652075,25.2,Reaxys
XQXPVVBIMDBYFF-UHFFFAOYSA-N,OC(=O)CC1=CC=C(O)C=C1,0.584462402,25,Reaxys
XRAPDLHFGPTBQZ-UHFFFAOYSA-N,O=C(NC1=CC=CC2=CC=CC=C12)N(C1=CC=CC=C1)C1=CC=CC=C1,-1.610363812,20,Reaxys
XRHGYUZYPHTUJZ-UHFFFAOYSA-N,OC(=O)C1=CC=C(Cl)C=C1,-0.800254097,20,Reaxys
XRXMNWGCKISMOH-UHFFFAOYSA-N,OC(=O)C1=CC=CC=C1Br,0.158363452,20,Reaxys
XSTCQMIXQXXYCY-UHFFFAOYSA-N,CC(C)(O)P1(=O)OCC2(CO1)COP(=O)(OC2)C(C)(C)O,-1.987351504,25.28,Reaxys
XTFIVUDBNACUBN-UHFFFAOYSA-N,O=N(=O)N1CN(CN(C1)N(=O)=O)N(=O)=O,-0.583749167,20,Reaxys
XUGISPSHIFXEHZ-VEVYEIKRSA-N,[H][C@@](C)(CCCC(C)C)[C@@]1([H])CC[C@@]2([H])[C@]3([H])CC=C4C[C@H](CC[C@]4(C)[C@@]3([H])CC[C@]12C)OC(C)=O,-1.234212462,20,Reaxys
XUYPXLNMDZIRQH-LURJTMIESA-N,[H][C@@](CCSC)(NC(C)=O)C(O)=O,0.188218301,25,Reaxys
XXVXIPPJGSLKSX-UHFFFAOYSA-N,OCCCCOC(=O)NCCCCCCNC(=O)OCCCCO,-1.843158001,20,Reaxys
YASYVMFAVPKPKE-UHFFFAOYSA-N,COP(=O)(NC(C)=O)SC,-0.037053105,26.29,Reaxys
YDCFNPFXXJRYCZ-UHFFFAOYSA-N,O=C(N=N#N)C1=C(C=C(C=C1N(=O)=O)N(=O)=O)N(=O)=O,-0.953518081,20,Reaxys
YEYCQJVCAMFWCO-PXBBAZSNSA-N,[H][C@@](C)(CCCC(C)C)[C@@]1([H])CC[C@@]2([H])[C@]3([H])CC=C4C[C@H](CC[C@]4(C)[C@@]3([H])CC[C@]12C)OC=O,-0.825313022,20,Reaxys
YGSDEFSMJLZEOE-UHFFFAOYSA-N,OC(=O)C1=CC=CC=C1O,0.38412846,25,Reaxys
YIICVSCAKJMMDJ-UHFFFAOYSA-N,OC1CCN2CC3=CC=CC=C3N=C12,-1.973656539,25,Reaxys
YJGVMLPVUAXIQN-XVVDYKMHSA-N,[H][C@]12COC(=O)[C@]1([H])[C@H](C1=CC(OC)=C(OC)C(OC)=C1)C1=C(C=C3OCOC3=C1)[C@@H]2O,-0.983384521,20.04,Reaxys
YKZYNOWDVPDSMO-QMMMGPOBSA-N,O[C@@H](CCC1=CCCC1=O)CC(O)=O,-0.960685547,20,Reaxys
YOSHYTLCDANDAN-UHFFFAOYSA-N,CCCCC1=NC2(CCCC2)C(=O)N1CC1=CC=C(C=C1)C1=CC=CC=C1C1=NN=NN1,-3.038076782,25.09,Reaxys
YQJPLPIXXNODAV-UHFFFAOYSA-N,CCCCCCCCCCCCC(=O)N(C(=O)NC1=CC=C(C=C1)N(C)C)C1=CC=C(C=C1)N(C)C,-1.952421268,18,Reaxys
YQUVCSBJEUQKSH-UHFFFAOYSA-N,OC(=O)C1=CC(O)=C(O)C=C1,-0.187864636,25,Reaxys
YRPYUECFYIYBGG-UHFFFAOYSA-N,NC1=C(NC2=CC=CC=C2)C=C(Cl)C=C1,-0.10937206,20,Reaxys
YTUICHKHZZLYFO-UHFFFAOYSA-N,OCC1OC(OC2COC(OC12)C1=CC=CC=C1)C1=CC=CC=C1,-1.710176886,17,Reaxys
YVAUPMVSVRWYIH-UHFFFAOYSA-N,CC(O)(C1=CC=CC=C1)P1(=O)OCC(C)(C)CO1,-1.377944782,25.19,Reaxys
YVJCXMCIFPUNDO-UHFFFAOYSA-N,CC1=C(C(C)=C(C(C)=C1N(=O)=O)N(=O)=O)N(=O)=O,-1.503768559,15,Reaxys
YWTYJOPNNQFBPC-UHFFFAOYSA-N,ClC1=NC=C(CN2CCN=C2NN(=O)=O)C=C1,-0.718857066,26.89,Reaxys
YWYQTGBBEZQBGO-BERLURQNSA-N,[H][C@@](C)(O)[C@@]1([H])CC[C@@]2([H])[C@]3([H])CC[C@]4([H])C[C@H](O)CC[C@]4(C)[C@@]3([H])CC[C@]12C,-2.872381259,15,Reaxys
YYGJRRYSYLLCQH-UHFFFAOYSA-N,CC1=C(C(O)=C(C=C1N(=O)=O)N(=O)=O)N(=O)=O,0.485879894,17,Reaxys
YZYKMYZMAYASBX-OKUDZNIVSA-N,[H][C@@]1(COC(O1)C1=CC=CC=C1)[C@]1([H])O[C@@H](O[C@]2([H])CO[C@@H](O[C@]12[H])C1=CC=CC=C1)C1=CC=CC=C1,-1.977723605,17,Reaxys
ZABCGYUGVOPKIL-UHFFFAOYSA-N,OC1=C2C=CC=CC2=C(O)C(=C1)P1(=O)OC2=C(C=CC=C2CC2=CC=CC=C2)C2=C1C=CC=C2,-1.047799986,20,Reaxys
ZBJWWKFMHOAPNS-UHFFFAOYSA-N,OC1=C2N=CC=CC2=C(C=C1I)S(O)(=O)=O,-3.642366818,25,Reaxys
ZCFSWYZFGJAUKK-UHFFFAOYSA-N,CC1=CC=C(C)C(=C1N(=O)=O)N(=O)=O,0.18450416,15,Reaxys
ZCJLOOJRNPHKAV-UHFFFAOYSA-N,OC(=O)C=CC1=CC=CO1,0.105205217,24.84,Reaxys
ZDASUJMDVPTNTF-UHFFFAOYSA-N,OC1=C2N=CC=CC2=C(Br)C=C1Br,-1.812523609,20,Reaxys
ZDZHCHYQNPQSGG-UHFFFAOYSA-N,C1=CC=C2C(C=CC=C2C2=CC=CC3=CC=CC=C23)=C1,-1.193822267,20,Reaxys
ZICQBHNGXDOVJF-UHFFFAOYSA-N,C1C2CC3C4CC5CC(C14)C(C2)C3C5,-1.578606935,29.99,Reaxys
ZIUSSTSXXLLKKK-SMSFQYLMSA-N,COC1=CC(\C=C\C(=O)C=C(O)\C=C\C2=CC=C(O)C(OC)=C2)=CC=C1O,-0.864231194,25,Reaxys
ZIXXRXGPBFMPFD-UHFFFAOYSA-N,ClC1=CC=C(SSC2=CC=C(Cl)C=C2)C=C1,0.139293696,29.79,Reaxys
ZKPLTLWJBLZUSM-UHFFFAOYSA-N,CC1=CC(=C(C)C(=C1N(=O)=O)N(=O)=O)N(=O)=O,-0.683335271,15,Reaxys
ZNNLBTZKUZBEKO-UHFFFAOYSA-N,COC1=CC=C(Cl)C=C1C(=O)NCCC1=CC=C(C=C1)S(=O)(=O)NC(=O)NC1CCCCC1,-1.83035784,NA,Reaxys
ZOTBXTZVPHCKPN-HTXNQAPBSA-N,CO\N=C(\C(=O)OC)C1=CC=CC=C1COC1=C(C)C=CC=C1,-0.159574123,20,Reaxys
ZPTVNYMJQHSSEA-UHFFFAOYSA-N,CC1=CC=C(C=C1)N(=O)=O,0.984337524,15,Reaxys
ZQBAKBUEJOMQEX-UHFFFAOYSA-N,OC1=CC=CC=C1C(=O)OC1=CC=CC=C1,0.563573103,30,Reaxys
ZQKCNHLMCZDMNN-WUXMJOGZSA-N,CCOC1=C(C=C(C=C1)N(=O)=O)\C=N\NC(N)=O,-2.029805828,20,Reaxys
ZQSIJRDFPHDXIC-UHFFFAOYSA-N,OC1=CC=C(C=C1)C1=COC2=CC(O)=CC=C2C1=O,-1.037276829,17.5,Reaxys
ZRDYULMDEGRWRC-UHFFFAOYSA-N,OC1=CC=C(C=C1)C(=O)C1=C(O)C(O)=C(O)C=C1,0.144793846,24.99,Reaxys
ZTHHRSBDBPCCMZ-UHFFFAOYSA-N,COC1=CN=C(Cl)N=C1Cl,0.671898215,24.19,Reaxys
ZUOUZKKEUPVFJK-UHFFFAOYSA-N,C1=CC=C(C=C1)C1=CC=CC=C1,0.684477909,25,Reaxys
ZUTCJXFCHHDFJS-UHFFFAOYSA-N,O=N(=O)C1=CC=CC2=C(C=CC=C12)N(=O)=O,-1.776470431,16,Reaxys
ZVNLUXZZYVQUTE-UHFFFAOYSA-N,OCP1(=O)OC2=C(C=CC=C2)C2=CC=CC=C12,-1.402735403,29.1,Reaxys
ZVNYJIZDIRKMBF-UHFFFAOYSA-N,COC1=CC=C(C=C1OC)C(=O)N1CCN(CC1)C1=CC2=C(NC(=O)CC2)C=C1,-2.896797821,25,Reaxys
ZXVONLUNISGICL-UHFFFAOYSA-N,CC1=C(O)C(=CC(=C1)N(=O)=O)N(=O)=O,0.600506438,15,Reaxys
